{"cameraMode":{"drawMode":0,"name":"Shaded","section":"Shading Mode"},"sceneLighting":true,"audioPlay":false,"sceneViewState":{"showFog":true,"showMaterialUpdate":false,"showSkybox":true,"showFlares":true,"showImageEffects":true,"showParticleSystems":true},"in2DMode":false,"pivot":{"x":-0.7043356895446777,"y":1.4347407817840577,"z":-2.970424175262451},"rotation":{"x":-0.02202276885509491,"y":0.9777988195419312,"z":-0.13760347664356233,"w":-0.15649230778217317},"size":5.47442102432251,"orthographic":false}