{"cameraMode":{"drawMode":0,"name":"Shaded","section":"Shading Mode"},"sceneLighting":true,"audioPlay":false,"sceneViewState":{"showFog":true,"showMaterialUpdate":false,"showSkybox":true,"showFlares":true,"showImageEffects":true,"showParticleSystems":true},"in2DMode":false,"pivot":{"x":3.5651769638061525,"y":3.5704686641693117,"z":1.311225414276123},"rotation":{"x":-0.16230738162994386,"y":0.8342190980911255,"z":-0.32866859436035159,"w":-0.41196098923683169},"size":3.5198569297790529,"orthographic":false}