{"cameraMode":{"drawMode":0,"name":"Shaded","section":"Shading Mode"},"sceneLighting":true,"audioPlay":false,"sceneViewState":{"showFog":true,"showMaterialUpdate":false,"showSkybox":true,"showFlares":true,"showImageEffects":true,"showParticleSystems":true},"in2DMode":false,"pivot":{"x":1.5186314582824708,"y":1.9490197896957398,"z":2.4782209396362306},"rotation":{"x":0.12097461521625519,"y":-0.6930221915245056,"z":0.11967553943395615,"w":0.7005449533462524},"size":22.0,"orthographic":false}